<application>
  <component name="ProjectManager">
    <defaultProject>
      <component name="ComposerSettings">
        <executablePath>/usr/bin/composer</executablePath>
      </component>
      <component name="Encoding" addBOMForNewFiles="with NO BOM" />
      <component name="PhpWorkspaceProjectConfiguration" interpreter_name="PHP 7.3" />
      <component name="PhpXdebugProxy" ide_key="PHPSTORM" host="127.0.0.1" port="9000" />
      <component name="ProjectInspectionProfilesVisibleTreeState">
        <entry key="Project Default">
          <profile-state>
            <expanded-state>
              <State />
              <State>
                <id>JavaScript</id>
              </State>
              <State>
                <id>JavaScript validity issuesJavaScript</id>
              </State>
              <State>
                <id>SQL</id>
              </State>
            </expanded-state>
          </profile-state>
        </entry>
      </component>
      <component name="PropertiesComponent">
        <property name="nodejs_interpreter_path" value="node" />
        <property name="nodejs_interpreter_path.stuck_in_default_project" value="undefined stuck path" />
        <property name="nodejs_npm_path_reset_for_default_project" value="true" />
        <property name="nodejs_package_manager_path" value="yarn" />
        <property name="settings.editor.selected.configurable" value="web.server" />
      </component>
      <component name="SvnConfiguration">
        <configuration />
      </component>
    </defaultProject>
  </component>
</application>