<application>
  <component name="CodeStyleSchemes">
    <option name="CURRENT_SCHEME_NAME" value="Default" />
  </component>
  <component name="CvsApplicationLevelConfiguration">
    <option name="EXT_CONFIGURATION">
      <value>
        <option name="CVS_RSH" value="ssh" />
        <option name="PRIVATE_KEY_FILE" value="" />
        <option name="ADDITIONAL_PARAMETERS" value="" />
        <option name="USE_INTERNAL_SSH_IMPLEMENTATION" value="false" />
      </value>
    </option>
    <option name="SSH_CONFIGURATION">
      <value SSH_TYPE="SSH1, SSH2">
        <option name="USE_PPK" value="false" />
        <option name="PATH_TO_PPK" value="" />
      </value>
    </option>
    <option name="LOCAL_CONFIGURATION">
      <value>
        <option name="PATH_TO_CVS_CLIENT" value="cvs" />
      </value>
    </option>
    <option name="PROXY_SETTINGS">
      <value>
        <option name="USE_PROXY" value="false" />
        <option name="PROXY_HOST" value="" />
        <option name="PROXY_PORT" value="8080" />
        <option name="TYPE" value="0" />
        <option name="LOGIN" value="" />
        <option name="PASSWORD" value="" />
      </value>
    </option>
    <option name="SSH_FOR_EXT_CONFIGURATION">
      <value SSH_TYPE="SSH1, SSH2">
        <option name="USE_PPK" value="false" />
        <option name="PATH_TO_PPK" value="" />
      </value>
    </option>
    <option name="PATH_TO_PASSWORD_FILE" value="$userdir/.cvspass" />
    <option name="TIMEOUT" value="10" />
    <option name="MAKE_CHECKED_OUT_FILES_READONLY" value="false" />
    <option name="CHECKOUT_PRUNE_EMPTY_DIRECTORIES" value="true" />
    <option name="CHECKOUT_KEYWORD_SUBSTITUTION" />
    <option name="SHOW_RESTORE_DIRECTORIES_CONFIRMATION" value="true" />
    <option name="ENCODING" value="Default" />
    <option name="USE_GZIP" value="false" />
    <option name="DO_OUTPUT" value="false" />
    <option name="SEND_ENVIRONMENT_VARIABLES_TO_SERVER" value="false" />
    <option name="SHOW_PATH" value="true" />
  </component>
  <component name="DebuggerSettings">
    <option name="TRACING_FILTERS_ENABLED" value="true" />
    <option name="FORCE_CLASSIC_VM" value="true" />
    <option name="SKIP_SYNTHETIC_METHODS" value="true" />
    <option name="SKIP_CLASSLOADERS" value="true" />
    <option name="RUN_HOTSWAP_AFTER_COMPILE" value="RunHotswapAsk" />
    <option name="COMPILE_BEFORE_HOTSWAP" value="true" />
    <filter>
      <option name="PATTERN" value="com.sun.*" />
      <option name="ENABLED" value="true" />
    </filter>
    <filter>
      <option name="PATTERN" value="java.*" />
      <option name="ENABLED" value="true" />
    </filter>
    <filter>
      <option name="PATTERN" value="javax.*" />
      <option name="ENABLED" value="true" />
    </filter>
    <filter>
      <option name="PATTERN" value="org.omg.*" />
      <option name="ENABLED" value="true" />
    </filter>
    <filter>
      <option name="PATTERN" value="sun.*" />
      <option name="ENABLED" value="true" />
    </filter>
    <filter>
      <option name="PATTERN" value="jdk.internal.*" />
      <option name="ENABLED" value="true" />
    </filter>
    <filter>
      <option name="PATTERN" value="junit.*" />
      <option name="ENABLED" value="true" />
    </filter>
    <filter>
      <option name="PATTERN" value="com.intellij.rt.*" />
      <option name="ENABLED" value="true" />
    </filter>
    <filter>
      <option name="PATTERN" value="com.yourkit.runtime.*" />
      <option name="ENABLED" value="true" />
    </filter>
    <filter>
      <option name="PATTERN" value="com.springsource.loaded.*" />
      <option name="ENABLED" value="true" />
    </filter>
    <filter>
      <option name="PATTERN" value="org.springsource.loaded.*" />
      <option name="ENABLED" value="true" />
    </filter>
    <filter>
      <option name="PATTERN" value="javassist.*" />
      <option name="ENABLED" value="true" />
    </filter>
    <filter>
      <option name="PATTERN" value="org.apache.webbeans.*" />
      <option name="ENABLED" value="true" />
    </filter>
    <filter>
      <option name="PATTERN" value="com.ibm.ws.*" />
      <option name="ENABLED" value="true" />
    </filter>
  </component>
  <component name="DependencyUISettings">
    <option name="UI_FILTER_LEGALS" value="true" />
  </component>
  <component name="ErrorReportConfigurable">
    <option name="ITN_LOGIN" value="" />
    <option name="ITN_PASSWORD_CRYPT" value="" />
    <option name="KEEP_ITN_PASSWORD" value="false" />
    <option name="EMAIL" value="" />
  </component>
  <component name="PropertiesComponent">
    <property name="ATTACHED_TOOL_WINDOW.DEFAULT.NELE_EDITOR.COMPONENT_TREE.AUTO_HIDE" value="false" />
    <property name="ATTACHED_TOOL_WINDOW.DEFAULT.NELE_EDITOR.COMPONENT_TREE.LEFT" value="true" />
    <property name="ATTACHED_TOOL_WINDOW.DEFAULT.NELE_EDITOR.COMPONENT_TREE.SPLIT" value="true" />
    <property name="ATTACHED_TOOL_WINDOW.DEFAULT.NELE_EDITOR.PALETTE.AUTO_HIDE" value="false" />
    <property name="ATTACHED_TOOL_WINDOW.DEFAULT.NELE_EDITOR.PALETTE.LEFT" value="true" />
    <property name="ATTACHED_TOOL_WINDOW.DEFAULT.NELE_EDITOR.PALETTE.SPLIT" value="false" />
    <property name="ATTACHED_TOOL_WINDOW.DEFAULT.NELE_EDITOR.PROPERTIES.AUTO_HIDE" value="false" />
    <property name="ATTACHED_TOOL_WINDOW.DEFAULT.NELE_EDITOR.PROPERTIES.LEFT" value="false" />
    <property name="ATTACHED_TOOL_WINDOW.DEFAULT.NELE_EDITOR.PROPERTIES.SPLIT" value="false" />
    <property name="ATTACHED_TOOL_WINDOW.DEFAULT.NELE_EDITOR.TOOL_ORDER" value="PALETTE,PROPERTIES,COMPONENT_TREE" />
    <property name="ATTACHED_TOOL_WINDOW.DEFAULT.Preview.PALETTE.AUTO_HIDE" value="true" />
    <property name="ATTACHED_TOOL_WINDOW.DEFAULT.Preview.PALETTE.LEFT" value="true" />
    <property name="ATTACHED_TOOL_WINDOW.DEFAULT.Preview.PALETTE.SPLIT" value="false" />
    <property name="ATTACHED_TOOL_WINDOW.DEFAULT.Preview.TOOL_ORDER" value="PALETTE" />
    <property name="ATTACHED_TOOL_WINDOW.NELE_EDITOR.COMPONENT_TREE.LEFT" value="true" />
    <property name="ATTACHED_TOOL_WINDOW.NELE_EDITOR.COMPONENT_TREE.SPLIT" value="true" />
    <property name="ATTACHED_TOOL_WINDOW.NELE_EDITOR.PALETTE.LEFT" value="true" />
    <property name="ATTACHED_TOOL_WINDOW.NELE_EDITOR.TOOL_ORDER" value="PALETTE,PROPERTIES,COMPONENT_TREE" />
    <property name="ATTACHED_TOOL_WINDOW.Preview.PALETTE.AUTO_HIDE" value="true" />
    <property name="ATTACHED_TOOL_WINDOW.Preview.PALETTE.LEFT" value="true" />
    <property name="ATTACHED_TOOL_WINDOW.Preview.TOOL_ORDER" value="PALETTE" />
    <property name="AndroidInitConfigurator.V1" value="true" />
    <property name="AndroidInitConfigurator.V3" value="true" />
    <property name="AndroidInitConfigurator.V5" value="true" />
    <property name="Copy.OpenInEditor" value="true" />
    <property name="ExpandRunDashboardTypesPanel" value="false" />
    <property name="SAVED_ANDROID_NPW_LANGUAGE" value="Java" />
    <property name="SAVED_ANDROID_PACKAGE" value="com.zcsxj" />
    <property name="SettingsSearchHistory" value="update&#10;instan&#10;console&#10;logcat" />
    <property name="TrendingPluginsSearchHistory" value="findviewbyme&#10;sexy&#10;findviewby&#10;gsonformate" />
    <property name="android-component-compatibility-check" value="1560216951630" />
    <property name="build.toolwindow.Build Output.selection.state" value="com.intellij.build.BuildTreeConsoleView" />
    <property name="build.toolwindow.Sync.selection.state" value="com.intellij.build.BuildTreeConsoleView" />
    <property name="file.chooser.recent.files" value="F:/gradle/repository&#10;F:/gradle/gradle-5.1.1&#10;F:/AMap_Android_Demo/AMap_Android_API_2DMap_Demo/android_studio/AMap2DDemo&#10;C:/Users/xxxcc/.gradle/wrapper/dists/gradle-5.1.1-all/97z1ksx6lirer3kbvdnh7jtjg/gradle-5.1.1&#10;F:/gradle/gradle-4.6&#10;F:/360安全浏览器下载/AMap_Android_Demo/AMap_Android_API_2DMap_Demo/android_studio/AMap2DDemo&#10;G:/projects&#10;C:/Program Files (x86)/Java/jdk1.8.0_91&#10;G:/sdk" />
    <property name="file.gist.reindex.count" value="8" />
    <property name="fileTypeChangedCounter" value="1" />
    <property name="installed.kotlin.plugin.version" value="1.3.31-release-Studio3.4-1" />
    <property name="kotlin.plugin.releaseDate" value="1.3.31-release-Studio3.4-1:2019-04-25" />
    <property name="last.used.gradle.home" value="F:/gradle/gradle-5.1.1" />
    <property name="newly.installed.api.level" value="23" />
    <property name="save_add_m_action" value="true" />
    <property name="selected.color.option.type" value="LOGCAT_ERROR_OUTPUT" />
  </component>
  <component name="RefactoringSettings">
    <option name="MOVE_PREVIEW_USAGES" value="false" />
    <option name="INTRODUCE_FIELD_VISIBILITY" value="private" />
    <option name="INTRODUCE_LOCAL_CREATE_FINALS" value="false" />
  </component>
  <component name="SvnApplicationSettings">
    <option name="myCheckoutURLs">
      <list>
        <option value="https://DengCong-PC/svn/JDMall/" />
        <option value="http://DOMINATED/svn/Test2/" />
        <option value="http://DOMINATED/svn/Test/trunk" />
        <option value="http://DOMINATED/svn/HelloWorld/" />
      </list>
    </option>
    <option name="myTypedURLs">
      <list>
        <option value="https://DengCong-PC/svn/JDMall/" />
        <option value="http://DOMINATED/svn/Test2/" />
        <option value="http://DOMINATED/svn/Test/trunk" />
        <option value="http://DOMINATED/svn/HelloWorld/" />
        <option value="http://localhost:81/svn/test/trunk/hi" />
        <option value="http://localhost/svn/test/trunk/Hi" />
        <option value="http://localhost/svn/ASRepo" />
        <option value="http://localhost/svn/helloworld" />
        <option value="http://localhost/svn/studiosvn/" />
        <option value="https://github.com/nostra13/Android-Universal-Image-Loader" />
      </list>
    </option>
    <option name="mySvnCommandLine" value="D:\software" />
  </component>
  <component name="com.intellij.javaee.ExternalResourceManagerImpl">
    <ignored-resource url="http://relaxng.org/ns/compatibility/annotations/1.0" />
    <ignored-resource url="http://www.w3.org/1998/Math/MathML" />
    <ignored-resource url="http://www.w3.org/2000/svg" />
  </component>
</application>