<keymap version="1" name="Dempsey" parent="$default">
  <action id="ActivateAndroidMonitorToolWindow">
    <keyboard-shortcut first-keystroke="alt 6" />
  </action>
  <action id="ActivateTODOToolWindow" />
  <action id="Back">
    <keyboard-shortcut first-keystroke="alt left" />
  </action>
  <action id="Diff.PrevChange" />
  <action id="DuplicatesForm.SendToLeft" />
  <action id="ExtractMethod">
    <keyboard-shortcut first-keystroke="shift alt m" />
  </action>
  <action id="FileChooser.GotoHome" />
  <action id="Forward">
    <mouse-shortcut keystroke="button5" />
    <keyboard-shortcut first-keystroke="alt right" />
  </action>
  <action id="GotoBookmark1" />
  <action id="HippieCompletion" />
  <action id="NextTab" />
  <action id="PreviousTab" />
  <action id="ShowIntentionActions">
    <keyboard-shortcut first-keystroke="ctrl 1" />
  </action>
  <action id="SmartTypeCompletion">
    <keyboard-shortcut first-keystroke="alt slash" />
  </action>
  <action id="SwitchApply">
    <keyboard-shortcut first-keystroke="shift alt enter" />
  </action>
  <action id="SwitchDown">
    <keyboard-shortcut first-keystroke="shift alt down" />
  </action>
  <action id="SwitchLeft">
    <keyboard-shortcut first-keystroke="shift alt left" />
  </action>
  <action id="SwitchRight">
    <keyboard-shortcut first-keystroke="shift alt right" />
  </action>
  <action id="SwitchUp">
    <keyboard-shortcut first-keystroke="shift alt up" />
  </action>
</keymap>