<keymap version="1" name="Default copy" parent="Default for XWin">
  <action id="Back">
    <mouse-shortcut keystroke="button4" />
    <keyboard-shortcut first-keystroke="alt left" />
  </action>
  <action id="ChangesView.Move" />
  <action id="Diff.NextChange" />
  <action id="Diff.PrevChange" />
  <action id="ExtractMethod">
    <keyboard-shortcut first-keystroke="shift alt m" />
  </action>
  <action id="Forward">
    <mouse-shortcut keystroke="button5" />
    <keyboard-shortcut first-keystroke="alt right" />
  </action>
  <action id="NextTab" />
  <action id="PreviousTab" />
  <action id="Vcs.MoveChangedLinesToChangelist" />
</keymap>