<code_scheme name="HM_Code_Style">
  <option name="FIELD_NAME_PREFIX" value="m" />
  <option name="CLASS_COUNT_TO_USE_IMPORT_ON_DEMAND" value="99" />
  <option name="NAMES_COUNT_TO_USE_IMPORT_ON_DEMAND" value="99" />
  <option name="PACKAGES_TO_USE_IMPORT_ON_DEMAND">
    <value />
  </option>
  <option name="IMPORT_LAYOUT_TABLE">
    <value>
      <package name="android" withSubpackages="true" static="false" />
      <emptyLine />
      <package name="com" withSubpackages="true" static="false" />
      <emptyLine />
      <package name="junit" withSubpackages="true" static="false" />
      <emptyLine />
      <package name="net" withSubpackages="true" static="false" />
      <emptyLine />
      <package name="org" withSubpackages="true" static="false" />
      <emptyLine />
      <package name="java" withSubpackages="true" static="false" />
      <emptyLine />
      <package name="javax" withSubpackages="true" static="false" />
      <emptyLine />
      <package name="" withSubpackages="true" static="false" />
      <emptyLine />
      <package name="" withSubpackages="true" static="true" />
      <emptyLine />
    </value>
  </option>
  <option name="RIGHT_MARGIN" value="100" />
  <option name="ENABLE_JAVADOC_FORMATTING" value="false" />
  <option name="JD_ADD_BLANK_AFTER_PARM_COMMENTS" value="true" />
  <option name="JD_ADD_BLANK_AFTER_RETURN" value="true" />
  <option name="JD_DO_NOT_WRAP_ONE_LINE_COMMENTS" value="true" />
  <option name="JD_PRESERVE_LINE_FEEDS" value="true" />
  <option name="JD_PARAM_DESCRIPTION_ON_NEW_LINE" value="true" />
  <option name="WRAP_COMMENTS" value="true" />
  <JavaCodeStyleSettings>
    <option name="SPACE_BEFORE_OPENING_ANGLE_BRACKET_IN_TYPE_PARAMETER" value="true" />
    <option name="ANNOTATION_PARAMETER_WRAP" value="2" />
    <option name="ALIGN_MULTILINE_ANNOTATION_PARAMETERS" value="true" />
  </JavaCodeStyleSettings>
  <Objective-C-extensions>
    <option name="GENERATE_INSTANCE_VARIABLES_FOR_PROPERTIES" value="ASK" />
    <option name="RELEASE_STYLE" value="IVAR" />
    <option name="TYPE_QUALIFIERS_PLACEMENT" value="BEFORE" />
    <file>
      <option name="com.jetbrains.cidr.lang.util.OCDeclarationKind" value="Import" />
      <option name="com.jetbrains.cidr.lang.util.OCDeclarationKind" value="Macro" />
      <option name="com.jetbrains.cidr.lang.util.OCDeclarationKind" value="Typedef" />
      <option name="com.jetbrains.cidr.lang.util.OCDeclarationKind" value="Enum" />
      <option name="com.jetbrains.cidr.lang.util.OCDeclarationKind" value="Constant" />
      <option name="com.jetbrains.cidr.lang.util.OCDeclarationKind" value="Global" />
      <option name="com.jetbrains.cidr.lang.util.OCDeclarationKind" value="Struct" />
      <option name="com.jetbrains.cidr.lang.util.OCDeclarationKind" value="FunctionPredecl" />
      <option name="com.jetbrains.cidr.lang.util.OCDeclarationKind" value="Function" />
    </file>
    <class>
      <option name="com.jetbrains.cidr.lang.util.OCDeclarationKind" value="Property" />
      <option name="com.jetbrains.cidr.lang.util.OCDeclarationKind" value="Synthesize" />
      <option name="com.jetbrains.cidr.lang.util.OCDeclarationKind" value="InitMethod" />
      <option name="com.jetbrains.cidr.lang.util.OCDeclarationKind" value="StaticMethod" />
      <option name="com.jetbrains.cidr.lang.util.OCDeclarationKind" value="InstanceMethod" />
      <option name="com.jetbrains.cidr.lang.util.OCDeclarationKind" value="DeallocMethod" />
    </class>
    <extensions>
      <pair source="cpp" header="h" />
      <pair source="c" header="h" />
    </extensions>
  </Objective-C-extensions>
  <XML>
    <option name="XML_LEGACY_SETTINGS_IMPORTED" value="true" />
  </XML>
  <editorconfig>
    <option name="ENABLED" value="false" />
  </editorconfig>
  <codeStyleSettings language="JAVA">
    <option name="KEEP_FIRST_COLUMN_COMMENT" value="false" />
    <option name="KEEP_CONTROL_STATEMENT_IN_ONE_LINE" value="false" />
    <option name="BRACE_STYLE" value="5" />
    <option name="CLASS_BRACE_STYLE" value="5" />
    <option name="METHOD_BRACE_STYLE" value="5" />
    <option name="ALIGN_MULTILINE_CHAINED_METHODS" value="true" />
    <option name="ALIGN_MULTILINE_PARAMETERS" value="false" />
    <option name="ALIGN_MULTILINE_PARAMETERS_IN_CALLS" value="true" />
    <option name="ALIGN_MULTILINE_TERNARY_OPERATION" value="true" />
    <option name="ALIGN_MULTILINE_THROWS_LIST" value="true" />
    <option name="ALIGN_MULTILINE_EXTENDS_LIST" value="true" />
    <option name="ALIGN_MULTILINE_ARRAY_INITIALIZER_EXPRESSION" value="true" />
    <option name="ALIGN_GROUP_FIELD_DECLARATIONS" value="true" />
    <option name="ALIGN_CONSECUTIVE_VARIABLE_DECLARATIONS" value="true" />
    <option name="CALL_PARAMETERS_WRAP" value="5" />
    <option name="METHOD_PARAMETERS_WRAP" value="5" />
    <option name="RESOURCE_LIST_WRAP" value="2" />
    <option name="EXTENDS_LIST_WRAP" value="5" />
    <option name="THROWS_LIST_WRAP" value="5" />
    <option name="EXTENDS_KEYWORD_WRAP" value="2" />
    <option name="THROWS_KEYWORD_WRAP" value="2" />
    <option name="METHOD_CALL_CHAIN_WRAP" value="2" />
    <option name="TERNARY_OPERATION_WRAP" value="2" />
    <option name="TERNARY_OPERATION_SIGNS_ON_NEXT_LINE" value="true" />
    <option name="KEEP_MULTIPLE_EXPRESSIONS_IN_ONE_LINE" value="true" />
    <option name="ARRAY_INITIALIZER_WRAP" value="2" />
    <option name="IF_BRACE_FORCE" value="3" />
    <option name="DOWHILE_BRACE_FORCE" value="3" />
    <option name="WHILE_BRACE_FORCE" value="3" />
    <option name="FOR_BRACE_FORCE" value="3" />
    <option name="WRAP_LONG_LINES" value="true" />
    <option name="VARIABLE_ANNOTATION_WRAP" value="2" />
    <option name="ENUM_CONSTANTS_WRAP" value="2" />
  </codeStyleSettings>
  <codeStyleSettings language="XML">
    <option name="FORCE_REARRANGE_MODE" value="1" />
    <indentOptions>
      <option name="CONTINUATION_INDENT_SIZE" value="4" />
    </indentOptions>
    <arrangement>
      <rules>
        <section>
          <rule>
            <match>
              <AND>
                <NAME>xmlns:android</NAME>
                <XML_NAMESPACE>Namespace:</XML_NAMESPACE>
              </AND>
            </match>
          </rule>
        </section>
        <section>
          <rule>
            <match>
              <AND>
                <NAME>xmlns:.*</NAME>
                <XML_NAMESPACE>Namespace:</XML_NAMESPACE>
              </AND>
            </match>
            <order>BY_NAME</order>
          </rule>
        </section>
        <section>
          <rule>
            <match>
              <AND>
                <NAME>.*:id</NAME>
                <XML_NAMESPACE>http://schemas.android.com/apk/res/android</XML_NAMESPACE>
              </AND>
            </match>
          </rule>
        </section>
        <section>
          <rule>
            <match>
              <AND>
                <NAME>.*:name</NAME>
                <XML_NAMESPACE>http://schemas.android.com/apk/res/android</XML_NAMESPACE>
              </AND>
            </match>
          </rule>
        </section>
        <section>
          <rule>
            <match>
              <AND>
                <NAME>name</NAME>
                <XML_NAMESPACE>^$</XML_NAMESPACE>
              </AND>
            </match>
          </rule>
        </section>
        <section>
          <rule>
            <match>
              <AND>
                <NAME>style</NAME>
                <XML_NAMESPACE>^$</XML_NAMESPACE>
              </AND>
            </match>
          </rule>
        </section>
        <section>
          <rule>
            <match>
              <AND>
                <NAME>.*</NAME>
                <XML_NAMESPACE>^$</XML_NAMESPACE>
              </AND>
            </match>
            <order>BY_NAME</order>
          </rule>
        </section>
        <section>
          <rule>
            <match>
              <AND>
                <NAME>.*:layout_width</NAME>
                <XML_NAMESPACE>http://schemas.android.com/apk/res/android</XML_NAMESPACE>
              </AND>
            </match>
          </rule>
        </section>
        <section>
          <rule>
            <match>
              <AND>
                <NAME>.*:layout_height</NAME>
                <XML_NAMESPACE>http://schemas.android.com/apk/res/android</XML_NAMESPACE>
              </AND>
            </match>
          </rule>
        </section>
        <section>
          <rule>
            <match>
              <AND>
                <NAME>.*:layout_.*</NAME>
                <XML_NAMESPACE>http://schemas.android.com/apk/res/android</XML_NAMESPACE>
              </AND>
            </match>
            <order>BY_NAME</order>
          </rule>
        </section>
        <section>
          <rule>
            <match>
              <AND>
                <NAME>.*:width</NAME>
                <XML_NAMESPACE>http://schemas.android.com/apk/res/android</XML_NAMESPACE>
              </AND>
            </match>
            <order>BY_NAME</order>
          </rule>
        </section>
        <section>
          <rule>
            <match>
              <AND>
                <NAME>.*:height</NAME>
                <XML_NAMESPACE>http://schemas.android.com/apk/res/android</XML_NAMESPACE>
              </AND>
            </match>
            <order>BY_NAME</order>
          </rule>
        </section>
        <section>
          <rule>
            <match>
              <AND>
                <NAME>.*</NAME>
                <XML_NAMESPACE>http://schemas.android.com/apk/res/android</XML_NAMESPACE>
              </AND>
            </match>
            <order>BY_NAME</order>
          </rule>
        </section>
        <section>
          <rule>
            <match>
              <AND>
                <NAME>.*</NAME>
                <XML_NAMESPACE>.*</XML_NAMESPACE>
              </AND>
            </match>
            <order>BY_NAME</order>
          </rule>
        </section>
      </rules>
    </arrangement>
  </codeStyleSettings>
</code_scheme>